{
  "__type__": "cc.SpriteFrame",
  "content": {
    "name": "chicken_00000_00011",
    "atlas": "",
    "rect": {
      "x": 223,
      "y": 107,
      "width": 214,
      "height": 244
    },
    "offset": {
      "x": 80,
      "y": 21
    },
    "originalSize": {
      "width": 500,
      "height": 500
    },
    "rotated": false,
    "capInsets": [
      0,
      0,
      0,
      0
    ],
    "vertices": {
      "rawPosition": [
        -107,
        -122,
        0,
        107,
        -122,
        0,
        -107,
        122,
        0,
        107,
        122,
        0
      ],
      "indexes": [
        0,
        1,
        2,
        2,
        1,
        3
      ],
      "uv": [
        223,
        393,
        437,
        393,
        223,
        149,
        437,
        149
      ],
      "nuv": [
        0.446,
        0.298,
        0.874,
        0.298,
        0.446,
        0.786,
        0.874,
        0.786
      ],
      "minPos": {
        "x": -107,
        "y": -122,
        "z": 0
      },
      "maxPos": {
        "x": 107,
        "y": 122,
        "z": 0
      }
    },
    "texture": "5ee0289a-d974-4e5e-9d80-05c7ab57def3@6c48a",
    "packable": true,
    "pixelsToUnit": 100,
    "pivot": {
      "x": 0.5,
      "y": 0.5
    },
    "meshType": 0
  }
}