{
  "__type__": "cc.SpriteFrame",
  "content": {
    "name": "plashka_pink 30.68 (0-00-01-07)",
    "atlas": "",
    "rect": {
      "x": 0,
      "y": 0,
      "width": 629,
      "height": 668
    },
    "offset": {
      "x": -225.5,
      "y": 626
    },
    "originalSize": {
      "width": 1080,
      "height": 1920
    },
    "rotated": false,
    "capInsets": [
      0,
      0,
      0,
      0
    ],
    "vertices": {
      "rawPosition": [
        -314.5,
        -334,
        0,
        314.5,
        -334,
        0,
        -314.5,
        334,
        0,
        314.5,
        334,
        0
      ],
      "indexes": [
        0,
        1,
        2,
        2,
        1,
        3
      ],
      "uv": [
        0,
        1920,
        629,
        1920,
        0,
        1252,
        629,
        1252
      ],
      "nuv": [
        0,
        0.6520833333333333,
        0.5824074074074074,
        0.6520833333333333,
        0,
        1,
        0.5824074074074074,
        1
      ],
      "minPos": {
        "x": -314.5,
        "y": -334,
        "z": 0
      },
      "maxPos": {
        "x": 314.5,
        "y": 334,
        "z": 0
      }
    },
    "texture": "7086bf5b-45e1-4846-9379-69924a38c10b@6c48a",
    "packable": true,
    "pixelsToUnit": 100,
    "pivot": {
      "x": 0.5,
      "y": 0.5
    },
    "meshType": 0
  }
}