{
  "__type__": "cc.SpriteFrame",
  "content": {
    "name": "chicken_00000_00003",
    "atlas": "",
    "rect": {
      "x": 135,
      "y": 120,
      "width": 227,
      "height": 241
    },
    "offset": {
      "x": -1.5,
      "y": 9.5
    },
    "originalSize": {
      "width": 500,
      "height": 500
    },
    "rotated": false,
    "capInsets": [
      0,
      0,
      0,
      0
    ],
    "vertices": {
      "rawPosition": [
        -113.5,
        -120.5,
        0,
        113.5,
        -120.5,
        0,
        -113.5,
        120.5,
        0,
        113.5,
        120.5,
        0
      ],
      "indexes": [
        0,
        1,
        2,
        2,
        1,
        3
      ],
      "uv": [
        135,
        380,
        362,
        380,
        135,
        139,
        362,
        139
      ],
      "nuv": [
        0.27,
        0.278,
        0.724,
        0.278,
        0.27,
        0.76,
        0.724,
        0.76
      ],
      "minPos": {
        "x": -113.5,
        "y": -120.5,
        "z": 0
      },
      "maxPos": {
        "x": 113.5,
        "y": 120.5,
        "z": 0
      }
    },
    "texture": "9c1b01cc-1cbc-43f4-a211-a52d3a1048bd@6c48a",
    "packable": true,
    "pixelsToUnit": 100,
    "pivot": {
      "x": 0.5,
      "y": 0.5
    },
    "meshType": 0
  }
}