{
  "__type__": "cc.SpriteFrame",
  "content": {
    "name": "chicken_00000_00020",
    "atlas": "",
    "rect": {
      "x": 132,
      "y": 127,
      "width": 239,
      "height": 234
    },
    "offset": {
      "x": 1.5,
      "y": 6
    },
    "originalSize": {
      "width": 500,
      "height": 500
    },
    "rotated": false,
    "capInsets": [
      0,
      0,
      0,
      0
    ],
    "vertices": {
      "rawPosition": [
        -119.5,
        -117,
        0,
        119.5,
        -117,
        0,
        -119.5,
        117,
        0,
        119.5,
        117,
        0
      ],
      "indexes": [
        0,
        1,
        2,
        2,
        1,
        3
      ],
      "uv": [
        132,
        373,
        371,
        373,
        132,
        139,
        371,
        139
      ],
      "nuv": [
        0.264,
        0.278,
        0.742,
        0.278,
        0.264,
        0.746,
        0.742,
        0.746
      ],
      "minPos": {
        "x": -119.5,
        "y": -117,
        "z": 0
      },
      "maxPos": {
        "x": 119.5,
        "y": 117,
        "z": 0
      }
    },
    "texture": "38f28e16-1a06-4a8e-8710-7bb3ee200306@6c48a",
    "packable": true,
    "pixelsToUnit": 100,
    "pivot": {
      "x": 0.5,
      "y": 0.5
    },
    "meshType": 0
  }
}