{
  "__type__": "cc.SpriteFrame",
  "content": {
    "name": "chicken_00000_00016",
    "atlas": "",
    "rect": {
      "x": 154,
      "y": 127,
      "width": 217,
      "height": 234
    },
    "offset": {
      "x": 12.5,
      "y": 6
    },
    "originalSize": {
      "width": 500,
      "height": 500
    },
    "rotated": false,
    "capInsets": [
      0,
      0,
      0,
      0
    ],
    "vertices": {
      "rawPosition": [
        -108.5,
        -117,
        0,
        108.5,
        -117,
        0,
        -108.5,
        117,
        0,
        108.5,
        117,
        0
      ],
      "indexes": [
        0,
        1,
        2,
        2,
        1,
        3
      ],
      "uv": [
        154,
        373,
        371,
        373,
        154,
        139,
        371,
        139
      ],
      "nuv": [
        0.308,
        0.278,
        0.742,
        0.278,
        0.308,
        0.746,
        0.742,
        0.746
      ],
      "minPos": {
        "x": -108.5,
        "y": -117,
        "z": 0
      },
      "maxPos": {
        "x": 108.5,
        "y": 117,
        "z": 0
      }
    },
    "texture": "0c5ff7d6-c2a2-44f1-9a4f-2cd588d9ce35@6c48a",
    "packable": true,
    "pixelsToUnit": 100,
    "pivot": {
      "x": 0.5,
      "y": 0.5
    },
    "meshType": 0
  }
}