{
  "__type__": "cc.SpriteFrame",
  "content": {
    "name": "chicken_00000_00000",
    "atlas": "",
    "rect": {
      "x": 139,
      "y": 125,
      "width": 216,
      "height": 236
    },
    "offset": {
      "x": -3,
      "y": 7
    },
    "originalSize": {
      "width": 500,
      "height": 500
    },
    "rotated": false,
    "capInsets": [
      0,
      0,
      0,
      0
    ],
    "vertices": {
      "rawPosition": [
        -108,
        -118,
        0,
        108,
        -118,
        0,
        -108,
        118,
        0,
        108,
        118,
        0
      ],
      "indexes": [
        0,
        1,
        2,
        2,
        1,
        3
      ],
      "uv": [
        139,
        375,
        355,
        375,
        139,
        139,
        355,
        139
      ],
      "nuv": [
        0.278,
        0.278,
        0.71,
        0.278,
        0.278,
        0.75,
        0.71,
        0.75
      ],
      "minPos": {
        "x": -108,
        "y": -118,
        "z": 0
      },
      "maxPos": {
        "x": 108,
        "y": 118,
        "z": 0
      }
    },
    "texture": "044d6bfa-ed1f-4f3d-a1e5-259dedea5821@6c48a",
    "packable": true,
    "pixelsToUnit": 100,
    "pivot": {
      "x": 0.5,
      "y": 0.5
    },
    "meshType": 0
  }
}