{
  "__type__": "cc.SpriteFrame",
  "content": {
    "name": "TRACK_1 (0-00-03-15)",
    "atlas": "",
    "rect": {
      "x": 0,
      "y": 0,
      "width": 1920,
      "height": 1080
    },
    "offset": {
      "x": 0,
      "y": 0
    },
    "originalSize": {
      "width": 1920,
      "height": 1080
    },
    "rotated": false,
    "capInsets": [
      0,
      0,
      0,
      0
    ],
    "vertices": {
      "rawPosition": [
        -960,
        -540,
        0,
        960,
        -540,
        0,
        -960,
        540,
        0,
        960,
        540,
        0
      ],
      "indexes": [
        0,
        1,
        2,
        2,
        1,
        3
      ],
      "uv": [
        0,
        1080,
        1920,
        1080,
        0,
        0,
        1920,
        0
      ],
      "nuv": [
        0,
        0,
        1,
        0,
        0,
        1,
        1,
        1
      ],
      "minPos": {
        "x": -960,
        "y": -540,
        "z": 0
      },
      "maxPos": {
        "x": 960,
        "y": 540,
        "z": 0
      }
    },
    "texture": "4378fa31-d2d0-462f-962d-d8d4c1483081@6c48a",
    "packable": true,
    "pixelsToUnit": 100,
    "pivot": {
      "x": 0.5,
      "y": 0.5
    },
    "meshType": 0
  }
}