{
  "__type__": "cc.SpriteFrame",
  "content": {
    "name": "image (16)",
    "atlas": "",
    "rect": {
      "x": 0,
      "y": 0,
      "width": 2,
      "height": 1920
    },
    "offset": {
      "x": 0,
      "y": 0
    },
    "originalSize": {
      "width": 2,
      "height": 1920
    },
    "rotated": false,
    "capInsets": [
      0,
      0,
      0,
      0
    ],
    "vertices": {
      "rawPosition": [
        -1,
        -960,
        0,
        1,
        -960,
        0,
        -1,
        960,
        0,
        1,
        960,
        0
      ],
      "indexes": [
        0,
        1,
        2,
        2,
        1,
        3
      ],
      "uv": [
        0,
        1920,
        2,
        1920,
        0,
        0,
        2,
        0
      ],
      "nuv": [
        0,
        0,
        1,
        0,
        0,
        1,
        1,
        1
      ],
      "minPos": {
        "x": -1,
        "y": -960,
        "z": 0
      },
      "maxPos": {
        "x": 1,
        "y": 960,
        "z": 0
      }
    },
    "texture": "7eece1ef-a321-41f9-a3c3-c0efd5b49445@6c48a",
    "packable": true,
    "pixelsToUnit": 100,
    "pivot": {
      "x": 0.5,
      "y": 0.5
    },
    "meshType": 0
  }
}