{
  "__type__": "cc.SpriteFrame",
  "content": {
    "name": "EN_transfer 16 (0-00-11-08)",
    "atlas": "",
    "rect": {
      "x": 17,
      "y": 14,
      "width": 678,
      "height": 106
    },
    "offset": {
      "x": -4,
      "y": 0
    },
    "originalSize": {
      "width": 720,
      "height": 134
    },
    "rotated": false,
    "capInsets": [
      0,
      0,
      0,
      0
    ],
    "vertices": {
      "rawPosition": [
        -339,
        -53,
        0,
        339,
        -53,
        0,
        -339,
        53,
        0,
        339,
        53,
        0
      ],
      "indexes": [
        0,
        1,
        2,
        2,
        1,
        3
      ],
      "uv": [
        17,
        120,
        695,
        120,
        17,
        14,
        695,
        14
      ],
      "nuv": [
        0.02361111111111111,
        0.1044776119402985,
        0.9652777777777778,
        0.1044776119402985,
        0.02361111111111111,
        0.8955223880597015,
        0.9652777777777778,
        0.8955223880597015
      ],
      "minPos": {
        "x": -339,
        "y": -53,
        "z": 0
      },
      "maxPos": {
        "x": 339,
        "y": 53,
        "z": 0
      }
    },
    "texture": "83af5c96-9f8f-4c63-b450-c77a18959d12@6c48a",
    "packable": true,
    "pixelsToUnit": 100,
    "pivot": {
      "x": 0.5,
      "y": 0.5
    },
    "meshType": 0
  }
}