{
  "__type__": "cc.SpriteFrame",
  "content": {
    "name": "chicken_00000_00024",
    "atlas": "",
    "rect": {
      "x": 137,
      "y": 127,
      "width": 215,
      "height": 234
    },
    "offset": {
      "x": -5.5,
      "y": 6
    },
    "originalSize": {
      "width": 500,
      "height": 500
    },
    "rotated": false,
    "capInsets": [
      0,
      0,
      0,
      0
    ],
    "vertices": {
      "rawPosition": [
        -107.5,
        -117,
        0,
        107.5,
        -117,
        0,
        -107.5,
        117,
        0,
        107.5,
        117,
        0
      ],
      "indexes": [
        0,
        1,
        2,
        2,
        1,
        3
      ],
      "uv": [
        137,
        373,
        352,
        373,
        137,
        139,
        352,
        139
      ],
      "nuv": [
        0.274,
        0.278,
        0.704,
        0.278,
        0.274,
        0.746,
        0.704,
        0.746
      ],
      "minPos": {
        "x": -107.5,
        "y": -117,
        "z": 0
      },
      "maxPos": {
        "x": 107.5,
        "y": 117,
        "z": 0
      }
    },
    "texture": "3c920f3e-4214-45a3-bd2f-ecff8d9e597f@6c48a",
    "packable": true,
    "pixelsToUnit": 100,
    "pivot": {
      "x": 0.5,
      "y": 0.5
    },
    "meshType": 0
  }
}