{
  "__type__": "cc.SpriteFrame",
  "content": {
    "name": "Hand",
    "atlas": "",
    "rect": {
      "x": 83,
      "y": 1,
      "width": 1947,
      "height": 1693
    },
    "offset": {
      "x": 38.5,
      "y": 45.5
    },
    "originalSize": {
      "width": 2036,
      "height": 1786
    },
    "rotated": false,
    "capInsets": [
      0,
      0,
      0,
      0
    ],
    "vertices": {
      "rawPosition": [
        -973.5,
        -846.5,
        0,
        973.5,
        -846.5,
        0,
        -973.5,
        846.5,
        0,
        973.5,
        846.5,
        0
      ],
      "indexes": [
        0,
        1,
        2,
        2,
        1,
        3
      ],
      "uv": [
        83,
        1785,
        2030,
        1785,
        83,
        92,
        2030,
        92
      ],
      "nuv": [
        0.04076620825147348,
        0.051511758118701005,
        0.9970530451866405,
        0.051511758118701005,
        0.04076620825147348,
        0.9994400895856663,
        0.9970530451866405,
        0.9994400895856663
      ],
      "minPos": {
        "x": -973.5,
        "y": -846.5,
        "z": 0
      },
      "maxPos": {
        "x": 973.5,
        "y": 846.5,
        "z": 0
      }
    },
    "texture": "7187fee1-7923-4a50-bfb5-d2f1eb0eb2f0@6c48a",
    "packable": true,
    "pixelsToUnit": 100,
    "pivot": {
      "x": 0.5,
      "y": 0.5
    },
    "meshType": 0
  }
}