{
  "__type__": "cc.SpriteFrame",
  "content": {
    "name": "plashka_pink (0-00-01-07)",
    "atlas": "",
    "rect": {
      "x": 0,
      "y": 0,
      "width": 703,
      "height": 742
    },
    "offset": {
      "x": -188.5,
      "y": 589
    },
    "originalSize": {
      "width": 1080,
      "height": 1920
    },
    "rotated": false,
    "capInsets": [
      0,
      0,
      0,
      0
    ],
    "vertices": {
      "rawPosition": [
        -351.5,
        -371,
        0,
        351.5,
        -371,
        0,
        -351.5,
        371,
        0,
        351.5,
        371,
        0
      ],
      "indexes": [
        0,
        1,
        2,
        2,
        1,
        3
      ],
      "uv": [
        0,
        1920,
        703,
        1920,
        0,
        1178,
        703,
        1178
      ],
      "nuv": [
        0,
        0.6135416666666667,
        0.6509259259259259,
        0.6135416666666667,
        0,
        1,
        0.6509259259259259,
        1
      ],
      "minPos": {
        "x": -351.5,
        "y": -371,
        "z": 0
      },
      "maxPos": {
        "x": 351.5,
        "y": 371,
        "z": 0
      }
    },
    "texture": "3a23e4b2-acf3-4139-9e42-cf137b81a156@6c48a",
    "packable": true,
    "pixelsToUnit": 100,
    "pivot": {
      "x": 0.5,
      "y": 0.5
    },
    "meshType": 0
  }
}