{
  "__type__": "cc.SpriteFrame",
  "content": {
    "name": "chicken_00000_00006",
    "atlas": "",
    "rect": {
      "x": 139,
      "y": 121,
      "width": 217,
      "height": 239
    },
    "offset": {
      "x": -2.5,
      "y": 9.5
    },
    "originalSize": {
      "width": 500,
      "height": 500
    },
    "rotated": false,
    "capInsets": [
      0,
      0,
      0,
      0
    ],
    "vertices": {
      "rawPosition": [
        -108.5,
        -119.5,
        0,
        108.5,
        -119.5,
        0,
        -108.5,
        119.5,
        0,
        108.5,
        119.5,
        0
      ],
      "indexes": [
        0,
        1,
        2,
        2,
        1,
        3
      ],
      "uv": [
        139,
        379,
        356,
        379,
        139,
        140,
        356,
        140
      ],
      "nuv": [
        0.278,
        0.28,
        0.712,
        0.28,
        0.278,
        0.758,
        0.712,
        0.758
      ],
      "minPos": {
        "x": -108.5,
        "y": -119.5,
        "z": 0
      },
      "maxPos": {
        "x": 108.5,
        "y": 119.5,
        "z": 0
      }
    },
    "texture": "8836bf65-e67c-4aa2-adce-8f5d92f78ccb@6c48a",
    "packable": true,
    "pixelsToUnit": 100,
    "pivot": {
      "x": 0.5,
      "y": 0.5
    },
    "meshType": 0
  }
}