{
  "__type__": "cc.SpriteFrame",
  "content": {
    "name": "chicken_00000_00018",
    "atlas": "",
    "rect": {
      "x": 136,
      "y": 127,
      "width": 216,
      "height": 234
    },
    "offset": {
      "x": -6,
      "y": 6
    },
    "originalSize": {
      "width": 500,
      "height": 500
    },
    "rotated": false,
    "capInsets": [
      0,
      0,
      0,
      0
    ],
    "vertices": {
      "rawPosition": [
        -108,
        -117,
        0,
        108,
        -117,
        0,
        -108,
        117,
        0,
        108,
        117,
        0
      ],
      "indexes": [
        0,
        1,
        2,
        2,
        1,
        3
      ],
      "uv": [
        136,
        373,
        352,
        373,
        136,
        139,
        352,
        139
      ],
      "nuv": [
        0.272,
        0.278,
        0.704,
        0.278,
        0.272,
        0.746,
        0.704,
        0.746
      ],
      "minPos": {
        "x": -108,
        "y": -117,
        "z": 0
      },
      "maxPos": {
        "x": 108,
        "y": 117,
        "z": 0
      }
    },
    "texture": "677e4b45-12b1-4aa9-b850-eba80c001245@6c48a",
    "packable": true,
    "pixelsToUnit": 100,
    "pivot": {
      "x": 0.5,
      "y": 0.5
    },
    "meshType": 0
  }
}