{
  "__type__": "cc.SpriteFrame",
  "content": {
    "name": "chicken_00000_00009",
    "atlas": "",
    "rect": {
      "x": 145,
      "y": 127,
      "width": 215,
      "height": 233
    },
    "offset": {
      "x": 2.5,
      "y": 6.5
    },
    "originalSize": {
      "width": 500,
      "height": 500
    },
    "rotated": false,
    "capInsets": [
      0,
      0,
      0,
      0
    ],
    "vertices": {
      "rawPosition": [
        -107.5,
        -116.5,
        0,
        107.5,
        -116.5,
        0,
        -107.5,
        116.5,
        0,
        107.5,
        116.5,
        0
      ],
      "indexes": [
        0,
        1,
        2,
        2,
        1,
        3
      ],
      "uv": [
        145,
        373,
        360,
        373,
        145,
        140,
        360,
        140
      ],
      "nuv": [
        0.29,
        0.28,
        0.72,
        0.28,
        0.29,
        0.746,
        0.72,
        0.746
      ],
      "minPos": {
        "x": -107.5,
        "y": -116.5,
        "z": 0
      },
      "maxPos": {
        "x": 107.5,
        "y": 116.5,
        "z": 0
      }
    },
    "texture": "77f43cdf-085f-4131-b171-a2f8e6da4054@6c48a",
    "packable": true,
    "pixelsToUnit": 100,
    "pivot": {
      "x": 0.5,
      "y": 0.5
    },
    "meshType": 0
  }
}