{
  "__type__": "cc.SpriteFrame",
  "content": {
    "name": "WIN_ES_00306",
    "atlas": "",
    "rect": {
      "x": 0,
      "y": 0,
      "width": 1080,
      "height": 1920
    },
    "offset": {
      "x": 0,
      "y": 0
    },
    "originalSize": {
      "width": 1080,
      "height": 1920
    },
    "rotated": false,
    "capInsets": [
      0,
      0,
      0,
      0
    ],
    "vertices": {
      "rawPosition": [
        -540,
        -960,
        0,
        540,
        -960,
        0,
        -540,
        960,
        0,
        540,
        960,
        0
      ],
      "indexes": [
        0,
        1,
        2,
        2,
        1,
        3
      ],
      "uv": [
        0,
        1920,
        1080,
        1920,
        0,
        0,
        1080,
        0
      ],
      "nuv": [
        0,
        0,
        1,
        0,
        0,
        1,
        1,
        1
      ],
      "minPos": {
        "x": -540,
        "y": -960,
        "z": 0
      },
      "maxPos": {
        "x": 540,
        "y": 960,
        "z": 0
      }
    },
    "texture": "20eea428-05af-410f-84b7-28fd849c9601@6c48a",
    "packable": true,
    "pixelsToUnit": 100,
    "pivot": {
      "x": 0.5,
      "y": 0.5
    },
    "meshType": 0
  }
}