{
  "__type__": "cc.SpriteFrame",
  "content": {
    "name": "chicken_00000_00002",
    "atlas": "",
    "rect": {
      "x": 136,
      "y": 120,
      "width": 225,
      "height": 241
    },
    "offset": {
      "x": -1.5,
      "y": 9.5
    },
    "originalSize": {
      "width": 500,
      "height": 500
    },
    "rotated": false,
    "capInsets": [
      0,
      0,
      0,
      0
    ],
    "vertices": {
      "rawPosition": [
        -112.5,
        -120.5,
        0,
        112.5,
        -120.5,
        0,
        -112.5,
        120.5,
        0,
        112.5,
        120.5,
        0
      ],
      "indexes": [
        0,
        1,
        2,
        2,
        1,
        3
      ],
      "uv": [
        136,
        380,
        361,
        380,
        136,
        139,
        361,
        139
      ],
      "nuv": [
        0.272,
        0.278,
        0.722,
        0.278,
        0.272,
        0.76,
        0.722,
        0.76
      ],
      "minPos": {
        "x": -112.5,
        "y": -120.5,
        "z": 0
      },
      "maxPos": {
        "x": 112.5,
        "y": 120.5,
        "z": 0
      }
    },
    "texture": "52a5a510-33c0-45c4-afba-8978d4677c67@6c48a",
    "packable": true,
    "pixelsToUnit": 100,
    "pivot": {
      "x": 0.5,
      "y": 0.5
    },
    "meshType": 0
  }
}