{
  "__type__": "cc.SpriteFrame",
  "content": {
    "name": "plashka_green 2 134.7 (0-00-03-16)",
    "atlas": "",
    "rect": {
      "x": 200,
      "y": 567,
      "width": 682,
      "height": 682
    },
    "offset": {
      "x": 1,
      "y": 52
    },
    "originalSize": {
      "width": 1080,
      "height": 1920
    },
    "rotated": false,
    "capInsets": [
      0,
      0,
      0,
      0
    ],
    "vertices": {
      "rawPosition": [
        -341,
        -341,
        0,
        341,
        -341,
        0,
        -341,
        341,
        0,
        341,
        341,
        0
      ],
      "indexes": [
        0,
        1,
        2,
        2,
        1,
        3
      ],
      "uv": [
        200,
        1353,
        882,
        1353,
        200,
        671,
        882,
        671
      ],
      "nuv": [
        0.18518518518518517,
        0.3494791666666667,
        0.8166666666666667,
        0.3494791666666667,
        0.18518518518518517,
        0.7046875,
        0.8166666666666667,
        0.7046875
      ],
      "minPos": {
        "x": -341,
        "y": -341,
        "z": 0
      },
      "maxPos": {
        "x": 341,
        "y": 341,
        "z": 0
      }
    },
    "texture": "0ac37ebb-1e06-4f75-aa3e-c9ce4eefb255@6c48a",
    "packable": true,
    "pixelsToUnit": 100,
    "pivot": {
      "x": 0.5,
      "y": 0.5
    },
    "meshType": 0
  }
}