{
  "__type__": "cc.SpriteFrame",
  "content": {
    "name": "EN_cash out (0-00-02-12)",
    "atlas": "",
    "rect": {
      "x": 1,
      "y": 2,
      "width": 268,
      "height": 99
    },
    "offset": {
      "x": -0.5,
      "y": -0.5
    },
    "originalSize": {
      "width": 271,
      "height": 102
    },
    "rotated": false,
    "capInsets": [
      0,
      0,
      0,
      0
    ],
    "vertices": {
      "rawPosition": [
        -134,
        -49.5,
        0,
        134,
        -49.5,
        0,
        -134,
        49.5,
        0,
        134,
        49.5,
        0
      ],
      "indexes": [
        0,
        1,
        2,
        2,
        1,
        3
      ],
      "uv": [
        1,
        100,
        269,
        100,
        1,
        1,
        269,
        1
      ],
      "nuv": [
        0.0036900369003690036,
        0.00980392156862745,
        0.992619926199262,
        0.00980392156862745,
        0.0036900369003690036,
        0.9803921568627451,
        0.992619926199262,
        0.9803921568627451
      ],
      "minPos": {
        "x": -134,
        "y": -49.5,
        "z": 0
      },
      "maxPos": {
        "x": 134,
        "y": 49.5,
        "z": 0
      }
    },
    "texture": "12efbdf6-a024-4758-aafb-9c4c628bde28@6c48a",
    "packable": true,
    "pixelsToUnit": 100,
    "pivot": {
      "x": 0.5,
      "y": 0.5
    },
    "meshType": 0
  }
}