{
  "__type__": "cc.SpriteFrame",
  "content": {
    "name": "chicken_00000_00022",
    "atlas": "",
    "rect": {
      "x": 132,
      "y": 127,
      "width": 221,
      "height": 234
    },
    "offset": {
      "x": -7.5,
      "y": 6
    },
    "originalSize": {
      "width": 500,
      "height": 500
    },
    "rotated": false,
    "capInsets": [
      0,
      0,
      0,
      0
    ],
    "vertices": {
      "rawPosition": [
        -110.5,
        -117,
        0,
        110.5,
        -117,
        0,
        -110.5,
        117,
        0,
        110.5,
        117,
        0
      ],
      "indexes": [
        0,
        1,
        2,
        2,
        1,
        3
      ],
      "uv": [
        132,
        373,
        353,
        373,
        132,
        139,
        353,
        139
      ],
      "nuv": [
        0.264,
        0.278,
        0.706,
        0.278,
        0.264,
        0.746,
        0.706,
        0.746
      ],
      "minPos": {
        "x": -110.5,
        "y": -117,
        "z": 0
      },
      "maxPos": {
        "x": 110.5,
        "y": 117,
        "z": 0
      }
    },
    "texture": "4889e493-e411-4f56-9afd-936f6ad4874d@6c48a",
    "packable": true,
    "pixelsToUnit": 100,
    "pivot": {
      "x": 0.5,
      "y": 0.5
    },
    "meshType": 0
  }
}