{
  "__type__": "cc.SpriteFrame",
  "content": {
    "name": "chicken_00000_00015",
    "atlas": "",
    "rect": {
      "x": 176,
      "y": 127,
      "width": 223,
      "height": 234
    },
    "offset": {
      "x": 37.5,
      "y": 6
    },
    "originalSize": {
      "width": 500,
      "height": 500
    },
    "rotated": false,
    "capInsets": [
      0,
      0,
      0,
      0
    ],
    "vertices": {
      "rawPosition": [
        -111.5,
        -117,
        0,
        111.5,
        -117,
        0,
        -111.5,
        117,
        0,
        111.5,
        117,
        0
      ],
      "indexes": [
        0,
        1,
        2,
        2,
        1,
        3
      ],
      "uv": [
        176,
        373,
        399,
        373,
        176,
        139,
        399,
        139
      ],
      "nuv": [
        0.352,
        0.278,
        0.798,
        0.278,
        0.352,
        0.746,
        0.798,
        0.746
      ],
      "minPos": {
        "x": -111.5,
        "y": -117,
        "z": 0
      },
      "maxPos": {
        "x": 111.5,
        "y": 117,
        "z": 0
      }
    },
    "texture": "9694eb43-f6b1-4ecd-abcf-aa98d35816d0@6c48a",
    "packable": true,
    "pixelsToUnit": 100,
    "pivot": {
      "x": 0.5,
      "y": 0.5
    },
    "meshType": 0
  }
}