{
  "__type__": "cc.SpriteFrame",
  "content": {
    "name": "chicken_00000_00019",
    "atlas": "",
    "rect": {
      "x": 133,
      "y": 127,
      "width": 238,
      "height": 234
    },
    "offset": {
      "x": 2,
      "y": 6
    },
    "originalSize": {
      "width": 500,
      "height": 500
    },
    "rotated": false,
    "capInsets": [
      0,
      0,
      0,
      0
    ],
    "vertices": {
      "rawPosition": [
        -119,
        -117,
        0,
        119,
        -117,
        0,
        -119,
        117,
        0,
        119,
        117,
        0
      ],
      "indexes": [
        0,
        1,
        2,
        2,
        1,
        3
      ],
      "uv": [
        133,
        373,
        371,
        373,
        133,
        139,
        371,
        139
      ],
      "nuv": [
        0.266,
        0.278,
        0.742,
        0.278,
        0.266,
        0.746,
        0.742,
        0.746
      ],
      "minPos": {
        "x": -119,
        "y": -117,
        "z": 0
      },
      "maxPos": {
        "x": 119,
        "y": 117,
        "z": 0
      }
    },
    "texture": "49256238-9819-4894-b5b4-37ac441220ff@6c48a",
    "packable": true,
    "pixelsToUnit": 100,
    "pivot": {
      "x": 0.5,
      "y": 0.5
    },
    "meshType": 0
  }
}