{
  "__type__": "cc.SpriteFrame",
  "content": {
    "name": "chicken_00000_00010",
    "atlas": "",
    "rect": {
      "x": 193,
      "y": 113,
      "width": 216,
      "height": 240
    },
    "offset": {
      "x": 51,
      "y": 17
    },
    "originalSize": {
      "width": 500,
      "height": 500
    },
    "rotated": false,
    "capInsets": [
      0,
      0,
      0,
      0
    ],
    "vertices": {
      "rawPosition": [
        -108,
        -120,
        0,
        108,
        -120,
        0,
        -108,
        120,
        0,
        108,
        120,
        0
      ],
      "indexes": [
        0,
        1,
        2,
        2,
        1,
        3
      ],
      "uv": [
        193,
        387,
        409,
        387,
        193,
        147,
        409,
        147
      ],
      "nuv": [
        0.386,
        0.294,
        0.818,
        0.294,
        0.386,
        0.774,
        0.818,
        0.774
      ],
      "minPos": {
        "x": -108,
        "y": -120,
        "z": 0
      },
      "maxPos": {
        "x": 108,
        "y": 120,
        "z": 0
      }
    },
    "texture": "26d51acc-8515-4e24-8806-26c737ecdf49@6c48a",
    "packable": true,
    "pixelsToUnit": 100,
    "pivot": {
      "x": 0.5,
      "y": 0.5
    },
    "meshType": 0
  }
}