{
  "__type__": "cc.SpriteFrame",
  "content": {
    "name": "Снимок экрана 2025-06-18 170634",
    "atlas": "",
    "rect": {
      "x": 0,
      "y": 0,
      "width": 576,
      "height": 1013
    },
    "offset": {
      "x": 0,
      "y": 0
    },
    "originalSize": {
      "width": 576,
      "height": 1013
    },
    "rotated": false,
    "capInsets": [
      0,
      0,
      0,
      0
    ],
    "vertices": {
      "rawPosition": [
        -288,
        -506.5,
        0,
        288,
        -506.5,
        0,
        -288,
        506.5,
        0,
        288,
        506.5,
        0
      ],
      "indexes": [
        0,
        1,
        2,
        2,
        1,
        3
      ],
      "uv": [
        0,
        1013,
        576,
        1013,
        0,
        0,
        576,
        0
      ],
      "nuv": [
        0,
        0,
        1,
        0,
        0,
        1,
        1,
        1
      ],
      "minPos": {
        "x": -288,
        "y": -506.5,
        "z": 0
      },
      "maxPos": {
        "x": 288,
        "y": 506.5,
        "z": 0
      }
    },
    "texture": "4bcf2c7d-13e5-4a70-9e0d-a1690483ca92@6c48a",
    "packable": true,
    "pixelsToUnit": 100,
    "pivot": {
      "x": 0.5,
      "y": 0.5
    },
    "meshType": 0
  }
}