{
  "__type__": "cc.SpriteFrame",
  "content": {
    "name": "plashka_pink 4 453.5(0-00-00-10)",
    "atlas": "",
    "rect": {
      "x": 0,
      "y": 0,
      "width": 645,
      "height": 684
    },
    "offset": {
      "x": -217.5,
      "y": 618
    },
    "originalSize": {
      "width": 1080,
      "height": 1920
    },
    "rotated": false,
    "capInsets": [
      0,
      0,
      0,
      0
    ],
    "vertices": {
      "rawPosition": [
        -322.5,
        -342,
        0,
        322.5,
        -342,
        0,
        -322.5,
        342,
        0,
        322.5,
        342,
        0
      ],
      "indexes": [
        0,
        1,
        2,
        2,
        1,
        3
      ],
      "uv": [
        0,
        1920,
        645,
        1920,
        0,
        1236,
        645,
        1236
      ],
      "nuv": [
        0,
        0.64375,
        0.5972222222222222,
        0.64375,
        0,
        1,
        0.5972222222222222,
        1
      ],
      "minPos": {
        "x": -322.5,
        "y": -342,
        "z": 0
      },
      "maxPos": {
        "x": 322.5,
        "y": 342,
        "z": 0
      }
    },
    "texture": "7c5ca617-201a-4d11-8117-bd39a594567c@6c48a",
    "packable": true,
    "pixelsToUnit": 100,
    "pivot": {
      "x": 0.5,
      "y": 0.5
    },
    "meshType": 0
  }
}