{
  "__type__": "cc.SpriteFrame",
  "content": {
    "name": "EN_menu (0-00-01-07)",
    "atlas": "",
    "rect": {
      "x": 4,
      "y": 1,
      "width": 600,
      "height": 285
    },
    "offset": {
      "x": 1,
      "y": 0
    },
    "originalSize": {
      "width": 606,
      "height": 287
    },
    "rotated": false,
    "capInsets": [
      0,
      0,
      0,
      0
    ],
    "vertices": {
      "rawPosition": [
        -300,
        -142.5,
        0,
        300,
        -142.5,
        0,
        -300,
        142.5,
        0,
        300,
        142.5,
        0
      ],
      "indexes": [
        0,
        1,
        2,
        2,
        1,
        3
      ],
      "uv": [
        4,
        286,
        604,
        286,
        4,
        1,
        604,
        1
      ],
      "nuv": [
        0.006600660066006601,
        0.003484320557491289,
        0.9966996699669967,
        0.003484320557491289,
        0.006600660066006601,
        0.9965156794425087,
        0.9966996699669967,
        0.9965156794425087
      ],
      "minPos": {
        "x": -300,
        "y": -142.5,
        "z": 0
      },
      "maxPos": {
        "x": 300,
        "y": 142.5,
        "z": 0
      }
    },
    "texture": "5a6b1530-1520-4821-9ad8-f4efe0be60ab@6c48a",
    "packable": true,
    "pixelsToUnit": 100,
    "pivot": {
      "x": 0.5,
      "y": 0.5
    },
    "meshType": 0
  }
}